{"cameraMode":{"drawMode":0,"name":"Shaded","section":"Shading Mode"},"sceneLighting":true,"audioPlay":false,"sceneViewState":{"m_AlwaysRefresh":false,"showFog":true,"showSkybox":true,"showFlares":true,"showImageEffects":true,"showParticleSystems":true,"showVisualEffectGraphs":true,"m_FxEnabled":true},"in2DMode":false,"pivot":{"x":-43.72662353515625,"y":-114.2906494140625,"z":245.82015991210938},"rotation":{"x":0.2523534297943115,"y":-0.11002908647060394,"z":0.028931500390172006,"w":0.9610052704811096},"size":180.36184692382813,"orthographic":false}