{"cameraMode":{"drawMode":0,"name":"Shaded","section":"Shading Mode"},"sceneLighting":true,"audioPlay":false,"sceneViewState":{"m_AlwaysRefresh":false,"showFog":true,"showSkybox":true,"showFlares":true,"showImageEffects":true,"showParticleSystems":true,"showVisualEffectGraphs":true,"m_FxEnabled":true},"in2DMode":false,"pivot":{"x":105.2728500366211,"y":-66.38157653808594,"z":107.46669006347656},"rotation":{"x":-0.2597838044166565,"y":0.013898925855755806,"z":-0.0038209722843021156,"w":-0.9656668901443481},"size":191.0597381591797,"orthographic":false}