{"cameraMode":{"drawMode":0,"name":"Shaded","section":"Shading Mode"},"sceneLighting":false,"audioPlay":false,"sceneViewState":{"m_AlwaysRefresh":false,"showFog":true,"showSkybox":false,"showFlares":true,"showImageEffects":true,"showParticleSystems":true,"showVisualEffectGraphs":true,"m_FxEnabled":true},"in2DMode":false,"pivot":{"x":-26.323999404907228,"y":8.850000381469727,"z":37.900001525878909},"rotation":{"x":0.08703362941741944,"y":-0.8771148324012756,"z":0.17379595339298249,"w":0.43937578797340395},"size":2.598076105117798,"orthographic":false}